{
    "images":
    {
        "title":
        {
            "image" : "modpack:textures/katpack.png",
            "posX" : -135,
            "posY" : 10,
            "width" : 270,
            "height" : 80,
            "alignment" : "top_center"
        }
    },
    
 "buttons":
    {
        "singleplayer":
        {
            "text" : "Solo Kat",
            "posX" : -100,
            "posY" : 48,
            "width" : 200,
            "height" : 20,
            "action" : 
            {
                "type" : "openGui",
                "gui" : "singleplayer"
            }
        },
        
        "multiplayer":
        {
            "text" : "Multi Kat",
            "posX" : -100,
            "posY" : 72,
            "width" : 200,
            "height" : 20,
            "action" : 
            {
                "type" : "openGui",
                "gui" : "multiplayer"
            }
        },
        
        "website":
        {
            "text" : "Website",
            "posX" : -100,
            "posY" : 96,
            "width" : 98,
            "height" : 20,
            "action" : 
            {
                "type" : "openLink",
                "link" : "http://kookykraftmc.net/index.php"
            }
        },
            
        "options":
        {
            "text" : "Settings",
            "posX" : 2,
            "posY" : 96,
            "width" : 98,
            "height" : 20,
            "action" : 
            {
                "type" : "openGui",
                "gui" : "options"
            }
        },
        
        "quit":
        {
            "text" : "Return to Life",
            "posX" : -100,
            "posY" : 120,
            "width" : 200,
            "height" : 20,
            "action" : 
            {
                "type" : "quit"
            }
        },
        
        "language":
        {
            "text" : "",
            "posX" : -124,
            "posY" : 132,
            "width" : 0,
            "height" : 0,
            "action" : 
            {
                "type" : "openGui",
                "gui" : "languages"
            }
        },
        
        "refresh":
        {
            "text" : "",
            "posX" : -154,
            "posY" : 132,
            "width" : 0,
            "height" : 0,
            "texture" : "custommainmenu:textures/gui/buttons.png",
            "action" : 
            {
                "type" : "refresh"
            }
        }
    },
    
    "texts":
    {
        "creator":
        {
            "text" : "Katpack created by STS15",
            "posX" : -140,
            "posY" : -10,
            "color" : -1,
            "alignment" : "bottom_right"
        },
         "url":
        {
            "text" : "Join the server at kat.kookykraftmc.net!",
            "posX" : 5,
            "posY" : -10,
            "color" : -1,
            "alignment" : "bottom_left"
        }
    },
    
    "other":
    {        
        "panorama":
        {
            "images" : "modpack:textures/panorama.png",
            "animate" : true,
            "animationSpeed" : 1,
            "blur" : true,
            "gradient" : false
        }
    }
}